﻿<?xml version="1.0" encoding="utf-8"?>
<Windows>
   <!-- 安装目录 -->
   <VerticalLayout>
   	
    <Container height="45" />
    <!-- logo -->
    <HorizontalLayout height="85" >
     <Container />
     <Container bkimage="install_logo.png" height="85" width="180" />
     <Container />
    </HorizontalLayout>
     	
    <Container height="20" />
    <!-- 快速安装btn -->
    <HorizontalLayout height="50" >
     <Container />
     <Button name="btnInstall" text="快速安装" font="2" bkcolor="0xFF3BD02C" textcolor="0xFFFFFFFF" borderround="4,4" height="50" width="160" />
     <Container />
    </HorizontalLayout>
    
    <Container height="57" />

    <VerticalLayout bkcolor="0x14000000">
   	 
   	 <Container height="25" />
   	 <!-- 选择文件夹 -->
   	 <HorizontalLayout height="26" >
   		<Container width="36" />
      <Label text="安装位置" align="right" textcolor="0xFFFFFFFF" />
      <Container width="10" />
      <RichEdit name="editDir" text="" textcolor="0xFFFFFFFF" inset="5,4,2,2" bkcolor="0x19FFFFFF" autohscroll="true" bordervisible="true"  bordersize="1" bordercolor="0xFFB6D8F5" focusbordercolor="0xFFB6D8F5" wantreturn="false" wantctrlreturn="false" multiline="false" width="300" />
      <Container width="6" />
      <Button name="btnSelectDir" text="浏览" bkcolor="0x4CFFFFFF" textcolor="0xFFFFFFFF" bordersize="1" bordercolor="0xFFB6D8F5" width="60" />
      <Container width="36" />
     </HorizontalLayout>
     
     <Container />
     <!-- 协议 -->
     <HorizontalLayout height="23" >
      <Container width="40" />
      <CheckBox name="chkAgree" width="115"  text="我已经阅读并同意" textcolor="0xFFFFFFFF" selected="true" valign="center" align="left" textpadding="18,2,0,0" normalimage="file='check_normal.png' source='0,0,13,13' dest='0,4,13,17'" normalhotimage="file='check_hover.png' source='0,0,13,13' dest='0,4,13,17'" selectedimage="file='check_select.png' source='0,0,13,13' dest='0,4,13,17'" selectedhotimage="file='check_select_hover.png' source='0,0,13,13' dest='0,4,13,17'"/>
      <Button name="btnAgreement" width="140" text="《牛牛截图示例协议》" textpadding="0,2,0,0" textcolor="0xFF78BEFF" align="left" />
      <Container />
     </HorizontalLayout>
     
     <Container height="18" />
     
    </VerticalLayout>
   
   </VerticalLayout>
</Windows>