﻿<?xml version="1.0" encoding="utf-8"?>
<Windows>
<!-- 完成 -->
 <VerticalLayout >
                
   <Container height="70" />
        
   <HorizontalLayout height="48">
     <Container />
     <Container bkimage="install_complete.png" height="48" width="174" />
     <Container />
   </HorizontalLayout>
   
   <Container height="55" />
        
   <HorizontalLayout height="50" >
     <Container />
     <Button name="btnRun" text="开始使用" font="2" bkcolor="0xFF3BD02C" textcolor="0xFFFFFFFF"  borderround="4,4" height="50" width="160" />
     <Container />
   </HorizontalLayout>
        
   <Container height="65" />
   
   <HorizontalLayout height="22">
   	  <Container width="100" />
      <CheckBox name="chkBootStart" width="140" textcolor="0xFFFFFFFF" align="left" textpadding="22,2,0,0" selected="true" visible="true" normalimage="file='check_normal.png' source='0,0,13,13' dest='0,4,13,17'" normalhotimage="file='check_hover.png' source='0,0,13,13' dest='0,4,13,17'" selectedimage="file='check_select.png' source='0,0,13,13' dest='0,4,13,17'" selectedhotimage="file='check_select_hover.png' source='0,0,13,13' dest='0,4,13,17'" text="开机自动启动"/>
      <Container />
      <CheckBox name="chkSetDefault" width="140" textcolor="0xFFFFFFFF" align="left" textpadding="22,2,0,0" selected="false" visible="false" normalimage="file='check_normal.png' source='0,0,13,13' dest='0,4,13,17'" normalhotimage="file='check_hover.png' source='0,0,13,13' dest='0,4,13,17'" selectedimage="file='check_select.png' source='0,0,13,13' dest='0,4,13,17'" selectedhotimage="file='check_select_hover.png' source='0,0,13,13' dest='0,4,13,17'" text="设为默认邮件客户端"/>
      <Container width="100" />
   </HorizontalLayout>
   
   <Container />
   
 </VerticalLayout>
</Windows>