﻿<?xml version="1.0" encoding="utf-8"?>
<Window size="500,380" sizebox="0,0,0,0" mininfo="500,380" maxinfo="500,380" caption="0,0,0,380" showdirty="false">
  <Font name="微软雅黑" size="12" bold="false" default="true" />
  <Font name="微软雅黑" size="12" bold="true" />
  <Font name="微软雅黑" size="24" bold="false" />
  <Font name="微软雅黑" size="16" bold="false" />
  <Font name="宋体" size="32" bold="false" />
  <Font name="微软雅黑" size="14" bold="false" />
  
<Include source="default.xml" />
  <VerticalLayout width="500" height="380" bkimage="bg.png">
  	<HorizontalLayout height="20">
  		<HorizontalLayout />
      <HorizontalLayout width="67">
      	<Container />
        <!--<Button name="btnFinishedMin" width="28" height="20" normalimage="min_normal.png" hotimage="min_hot.png" pushedimage="min_pushed.png" />-->
        <Button name="btnClose" width="39" height="20" normalimage="close_normal.png" hotimage="close_hot.png" pushedimage="close_pushed.png" />
      </HorizontalLayout>  		
  	</HorizontalLayout>

	  <TabLayout name="wizardTab" width="500" height="360" inset="1,1,1,1">
	  	<Include source="configpage.xml" />
	    <Include source="licensepage.xml" />
	    <Include source="installingpage.xml" />		
	  	<Include source="finishpage.xml" />
	  	<Include source="uninstallpage.xml" />
	  	<Include source="uninstallfinishpage.xml" />
    </TabLayout>
  </VerticalLayout>
</Window>
