﻿<?xml version="1.0" encoding="utf-8"?>
<Windows>
<!-- 进度 -->
  <VerticalLayout >
        
    <Container height="48" />
    <!-- logo -->
    <HorizontalLayout height="128" >
     <Container />
     <ImageShow images="a.png b.png c.png d.png e.png" imagecount="5" loop="true" height="128" width="128" />
     <Container />
    </HorizontalLayout>
    <Control height="26" />
    
    <HorizontalLayout height="22" >
     <Container width="40" />
     <Label name="lblInstalling" text="正在安装..." align="left" textcolor="0xFFFFFFFF" width="120" />
     <Container />
     <Label name="lblPercent" text="0%" align="right" textcolor="0xFFFFFFFF" width="120" />
     <Container width="40" />
    </HorizontalLayout>
    
    <HorizontalLayout height="10" >
     <Container width="40" />
     <Slider name="slrProgress" height="10" mouse="false" foreimage="slider_fore.png" thumbsize="0,0" bkcolor="0x4CFFFFFF"  borderround="5,5" />
     <Container width="40" />
    </HorizontalLayout>
            
    <Container />
        
  </VerticalLayout>
</Windows>