﻿<?xml version="1.0" encoding="utf-8"?>
<Windows>
<!-- 许可 -->
      <VerticalLayout>
      	
      	<Container height="10" />
        <Label name="licensename" text="《牛牛截图示例用户许可协议》"  font="5" align="center" textcolor="0xFFFFFFFF"/>
        <Container height="4" />
        
        <HorizontalLayout height="260">
        	<Container width="40" />
          <RichEdit name="editLicense" autovscroll="true" vscrollbar="true" readonly="true" textcolor="0xFFFFFFFF" bkcolor="0x19FFFFFF" inset="12,12,2,12" bordersize="1" bordercolor="0xFFB6D8F5" />
          <Container width="40" />
        </HorizontalLayout>
        
        <Container height="16" />
        
        <HorizontalLayout height="34">
        	<Container />
          <Button name="btnAgree" text="确认" font="3" bkcolor="0xFF3BD02C" textcolor="0xFFFFFFFF" borderround="4,4" width="100" />
          <Container />
        </HorizontalLayout>
        
        <Container height="16" />
        
      </VerticalLayout>
	</Windows>