<?xml version="1.0" encoding="utf-8"?>
<Window size="330,210" sizebox="0,0,0,0" mininfo="330,210" maxinfo="330,210" caption="0,0,0,30" showdirty="false">
  
  <Font name="微软雅黑" size="13" bold="false" default="true" />
	
  <VerticalLayout width="330" height="210" bkimage="bg.png" inset="1,1,1,1" bordersize="1" bordercolor="0xFFFFFFFF">
  	<HorizontalLayout height="30" bkcolor="0x14000000">
  		<Label name="lblTitle" textpadding="5,0,0,0" text="警告" textcolor="0xFFFFFFFF" />
      <HorizontalLayout width="67">
      	<Container />
        <!--<Button name="btnFinishedMin" width="28" height="20" normalimage="min_normal.png" hotimage="min_hot.png" pushedimage="min_pushed.png" />-->
        <Button name="btnClose" width="39" height="20" normalimage="close_normal.png" hotimage="close_hot.png" pushedimage="close_pushed.png" />
      </HorizontalLayout>  		
  	</HorizontalLayout>
  	
  	<Container />
  	
  	<HorizontalLayout height="80">
  		<Container width="40" />
  		<VerticalLayout width="40" >
					<Container  />
					<Label bkimage="msgWarning.png"  height="40"  />
					<Container />
			</VerticalLayout>
			<Container width="10" />
			<Text name="lblMsg" valign="vcenter" align="left" textcolor="0xFFFFFFFF" showhtml="true"/>
			<Container width="20" />
  	</HorizontalLayout>
  	
  	<Container />
  	
    <VerticalLayout bkcolor="0x14000000" height="50">
   	 <Container height="12" />
   	 <HorizontalLayout height="26" >
   		<Container />
      <Button name="btnOK" text="确定" bkcolor="0x4CFFFFFF" textcolor="0xFFFFFFFF" bordersize="1" bordercolor="0xFFB6D8F5" width="60" />
      <HorizontalLayout name="hlCancel" width="75">
      	<Container />
        <Button name="btnCancel" text="取消" bkcolor="0x4CFFFFFF" textcolor="0xFFFFFFFF" bordersize="1" bordercolor="0xFFB6D8F5" width="60" />
      </HorizontalLayout>
      <Container width="20" />
     </HorizontalLayout>
    </VerticalLayout>
	  
  </VerticalLayout>
</Window>