﻿<?xml version="1.0" encoding="utf-8"?>
<Windows>
   <!-- 安装目录 -->
   <VerticalLayout >
   	
    <Container height="65" />
    <!-- logo -->
    <HorizontalLayout height="85" >
     <Container />
     <Container bkimage="install_logo.png" height="85" width="180" />
     <Container />
    </HorizontalLayout>
     	
    <Container height="52" />
    <!-- 快速安装btn -->
    <HorizontalLayout height="50" >
     <Container />
     <Button name="btnUnInstall" text="快速卸载" font="2" bkcolor="0xFF3BD02C" textcolor="0xFFFFFFFF" borderround="4,4" height="50" width="160" />
     <Container />
    </HorizontalLayout>

    <VerticalLayout >
     
     <Container />
     <!-- 协议 -->
     <HorizontalLayout height="23" >
      <Container width="20" />
      <CheckBox name="chkReserveData" width="115"  text="保留本地存储数据" textcolor="0xFFFFFFFF" selected="true" valign="center" align="left" textpadding="18,2,0,0" normalimage="file='check_normal.png' source='0,0,13,13' dest='0,4,13,17'" normalhotimage="file='check_hover.png' source='0,0,13,13' dest='0,4,13,17'" selectedimage="file='check_select.png' source='0,0,13,13' dest='0,4,13,17'" selectedhotimage="file='check_select_hover.png' source='0,0,13,13' dest='0,4,13,17'"/>
      <Container />
     </HorizontalLayout>
     
     <Container height="18" />
     
    </VerticalLayout>
   
   </VerticalLayout>
</Windows>