﻿<?xml version="1.0" encoding="utf-8"?>
<Windows>
<!-- 完成 -->
 <VerticalLayout >
                
   <Container height="70" />
        
   <HorizontalLayout height="44">
     <Container />
     <Container bkimage="uninstall_complete.png" height="48" width="373" />
     <Container />
   </HorizontalLayout>
   
   <Container height="82" />
        
   <HorizontalLayout height="50" >
     <Container />
     <Button name="btnUninstalled" text="完成" font="2" bkcolor="0xFF3BD02C" textcolor="0xFFFFFFFF"  borderround="4,4" height="50" width="160" />
     <Container />
   </HorizontalLayout>

   <Container />
   
 </VerticalLayout>
</Windows>