﻿<?xml version="1.0" encoding="utf-8"?>
<Windows>
<!-- 完成 -->
 <VerticalLayout >
    <VerticalLayout width="570" height="247" bkimage="file='uninstall_bg1.png'">
	<VerticalLayout bkimage="file='bgtop.png'"></VerticalLayout>
	</VerticalLayout>
	<VerticalLayout bkimage="file='bgbottom.png' corner='10,0,10,10'" >	
	<Button name="btnRun" padding="210,50,0,0" text="开始使用" font="2" bkcolor="0xFF3BD02C" textcolor="0xFFFFFFFF"  borderround="4,4" height="50" width="160" />
	</VerticalLayout>
 </VerticalLayout>
</Windows>